<?xml version="1.0" encoding="utf-8"?>
<application>
    <name>Tasks</name>
    <version>4.1</version>
    <order>30</order>
    <depends>
        <application>Admin</application>
    </depends>
    <tables>
        <table>
            <name>tasks_status</name>
            <version>1</version>
            <declaration>
                <field>
                    <name>id</name>
                    <type>integer</type>
                    <autoincrement>true</autoincrement>
                </field>
                <field>
                    <name>created_by</name>
                    <type>text</type>
                    <length>40</length>
                    <notnull>false</notnull>
                </field>
                <field>
                    <name>creation_time</name>
                    <type>datetime</type>
                </field>            
                <field>
                    <name>last_modified_by</name>
                    <type>text</type>
                    <length>40</length>
                </field>
                <field>
                    <name>last_modified_time</name>
                    <type>datetime</type>
                </field>
                <field>
                    <name>is_deleted</name>
                    <type>boolean</type>
                    <notnull>true</notnull>
                    <default>false</default>
                </field>
                <field>
                    <name>deleted_by</name>
                    <type>text</type>
                    <length>40</length>
                </field>            
                <field>
                    <name>deleted_time</name>
                    <type>datetime</type>
                </field>                
                 <field>
                    <name>status_name</name>
                    <notnull>true</notnull>
                    <type>text</type>
                    <length>64</length>
                </field>
                 <field>
                    <name>status_is_open</name>
                    <type>boolean</type>
                    <default>false</default>
                </field>
                <field>
                    <name>status_icon</name>
                    <type>text</type>
                    <length>64</length>
                    <notnull>false</notnull>
                </field>
                <index>
                    <name>id</name>
                    <primary>true</primary>
                    <field>
                        <name>id</name>
                    </field>
                </index>
                <index>
                    <name>status_name</name>
                    <unique>true</unique>
                    <field>
                        <name>status_name</name>
                    </field>
                </index>
            </declaration>
        </table>    
        <table>
            <name>tasks</name>
            <version>3</version>
            <declaration>
                <field>
                    <name>id</name>
                    <type>text</type>
                    <length>40</length>
                    <notnull>true</notnull>
                </field>
                <field>
                    <name>container_id</name>
                    <type>integer</type>
                </field>
                <field>
                    <name>created_by</name>
                    <type>text</type>
                    <length>40</length>
                </field>
                <field>
                    <name>creation_time</name>
                    <type>datetime</type>
                </field>            
                <field>
                    <name>last_modified_by</name>
                    <type>text</type>
                    <length>40</length>
                </field>
                <field>
                    <name>last_modified_time</name>
                    <type>datetime</type>
                </field>
                <field>
                    <name>is_deleted</name>
                    <type>boolean</type>
                    <default>false</default>
                </field>
                <field>
                    <name>deleted_by</name>
                    <type>text</type>
                    <length>40</length>
                </field>            
               
                <field>
                    <name>deleted_time</name>
                    <type>datetime</type>
                </field>        
                <field>
                    <name>percent</name>
                    <type>integer</type>
                    <length>4</length>
                </field>    
                <field>
                    <name>completed</name>
                    <type>datetime</type>
                </field>
                <field>
                    <name>due</name>
                    <type>datetime</type>
                </field>            
                <field>
                    <name>class</name>
                    <type>text</type>
                    <length>40</length>
                    <default>PUBLIC</default>
                    <notnull>true</notnull>
                </field>
                <field>
                    <name>description</name>
                    <type>clob</type>
                </field>
                <field>
                    <name>geo</name>
                    <type>float</type>
                </field>
                <field>
                    <name>location</name>
                    <type>text</type>
                    <length>255</length>
                    <notnull>false</notnull>
                </field>            
                    <field>
                    <name>organizer</name>
                    <type>text</type>
                    <length>40</length>
                </field>
                <field>
                    <name>originator_tz</name>
                    <type>text</type>
                    <length>255</length>
                </field>
                <field>
                    <name>priority</name>
                    <type>integer</type>
                </field>
                <field>
                    <name>status_id</name>
                    <type>integer</type>
                </field>
                <field>
                    <name>summary</name>
                    <type>text</type>
                    <length>255</length>
                    <notnull>false</notnull>
                </field>
                <field>
                    <name>url</name>
                    <type>text</type>
                    <length>255</length>
                    <notnull>false</notnull>
                </field>
                <index>
                    <name>id</name>
                    <primary>true</primary>
                    <field>
                        <name>id</name>
                    </field>
                </index>
                <index>
                    <name>container_id</name>
                    <field>
                        <name>container_id</name>
                    </field>
                </index>
                <index>
                    <name>organizer</name>
                    <field>
                        <name>organizer</name>
                    </field>
                </index>            
                <index>
                    <name>class</name>
                    <field>
                        <name>class</name>
                    </field>
                </index>
                <index>
                    <name>status_id</name>
                    <field>
                        <name>status_id</name>
                    </field>
                </index>                
                <index>
                    <name>tasks::status_id--tasks_status::id</name>
                    <foreign>true</foreign>
                    <field>
                        <name>status_id</name>
                    </field>
                    <reference>
                        <table>tasks_status</table>
                        <field>id</field>
                    </reference>
                </index>                  
            </declaration>
        </table>
        
        <table>
            <name>tasks_contact</name>
            <version>1</version>
            <declaration>
                <field>
                    <name>task_id</name>
                    <type>text</type>
                    <length>40</length>
                    <notnull>true</notnull>
                </field>            
                <field>
                    <name>contact_id</name>
                    <type>integer</type>
                    <notnull>true</notnull>
                </field>
                <index>
                    <name>task_id-contact_id</name>
                    <primary>true</primary>
                    <field>
                        <name>task_id</name>
                    </field>
                    <field>
                        <name>contact_id</name>
                    </field>
                </index>
               <index>
                    <name>task_contact::task_id--tasks::id</name>
                    <foreign>true</foreign>
                    <field>
                        <name>task_id</name>
                    </field>
                    <reference>
                        <table>tasks</table>
                        <field>id</field>
                        <ondelete>CASCADE</ondelete>
                    </reference>
                </index>   
            </declaration>
        </table>
            
    </tables>
    <defaultRecords>
        <record>
            <table>
                <name>tasks_status</name>
            </table>
            <field>
                <name>creation_time</name>
                <value special="now">NOW</value>
            </field>
            <field>
                <name>status_name</name>
                <value>NEEDS-ACTION</value>
                <!-- gettext('NEEDS-ACTION') -->
            </field>
            <field>
                <name>status_is_open</name>
                <value>1</value>
            </field>
            <field>
                <name>status_icon</name>
                <value>images/oxygen/16x16/actions/tool.png</value>
            </field>
        </record>
        <record>
            <table>
                <name>tasks_status</name>
            </table>
            <field>
                <name>creation_time</name>
                <value special="now">NOW</value>
            </field>
            <field>
                <name>status_name</name>
                <value>COMPLETED</value>
                <!-- gettext('COMPLETED') -->
            </field>
            <field>
                <name>status_is_open</name>
                <value>0</value>
            </field>
            <field>
                <name>status_icon</name>
                <value>images/oxygen/16x16/actions/checkmark-korganizer.png</value>
            </field>
        </record>
        <record>
            <table>
                <name>tasks_status</name>
            </table>
            <field>
                <name>creation_time</name>
                <value special="now">NOW</value>
            </field>
            <field>
                <name>status_name</name>
                <value>IN-PROCESS</value>
                <!-- gettext('IN-PROCESS') -->
            </field>
            <field>
                <name>status_is_open</name>
                <value>1</value>
            </field>
            <field>
                <name>status_icon</name>
                <value>images/oxygen/16x16/actions/view-refresh.png</value>
            </field>
        </record>
        <record>
            <table>
                <name>tasks_status</name>
            </table>
            <field>
                <name>creation_time</name>
                <value special="now">NOW</value>
            </field>
            <field>
                <name>status_name</name>
                <value>CANCELLED</value>
                <!-- gettext('CANCELLED') -->
            </field>
            <field>
                <name>status_is_open</name>
                <value>0</value>
            </field>
            <field>
                <name>status_icon</name>
                <value>images/oxygen/16x16/actions/dialog-cancel.png</value>
            </field>
        </record>
    </defaultRecords>
</application>  