<?xml version="1.0" encoding="utf-8"?>
<essential>
	<enviroment name="PHP" version="5.2.4"/>
	<enviroment name="Zend" version="1.9.0" operator="biggerThan" />
	<enviroment name="Zend" version="1.9.2" operator="lessThan" />
	<enviroment name="MySQL" version="5.0.0"/>
	<extensions>	
		<extension name="mysql" />
		<extension name="json" />
		<extension name="gd" />
		<extension name="date" />
		<extension name="PDO" />
		<extension name="pdo_mysql" />
        <extension name="SPL" />
        <extension name="SimpleXML" />
        <extension name="ctype" />
        <extension name="dom" />
        <extension name="mcrypt" />
        <extension name="iconv" />
        <extension name="zip" />
        <extension name="xml" />
    </extensions>	
</essential>	
